Name,Email,Role,Password,EmployeeID
"Admin User","admin@peoplepay360.com","ADMIN","Admin@123","cmtp2ioyl000zut1oqbrt51yg"
"HR Manager 1","hr.manager1@peoplepay360.com","HR_MANAGER","Admin@123","cmtp2ioz60012ut1onv2eajx4"
"HR Manager 2","hr.manager2@peoplepay360.com","HR_MANAGER","Admin@123","cmtp2iozc0015ut1o8933fpvc"
"HR Manager 3","hr.manager3@peoplepay360.com","HR_MANAGER","Admin@123","cmtp2iozq0018ut1of75f037s"
"HR Manager 4","hr.manager4@peoplepay360.com","HR_MANAGER","Admin@123","cmtp2ip00001but1olehx6uvh"
"HR Manager 5","hr.manager5@peoplepay360.com","HR_MANAGER","Admin@123","cmtp2ip06001eut1ozwk82dig"
"Payroll Manager","payroll.manager@peoplepay360.com","HR_PAYROLL_MANAGER","Admin@123","cmtp2ip0m001hut1ok6sc3m5i"
"Lead Payroll Manager","payroll.manager2@peoplepay360.com","HR_PAYROLL_MANAGER","Admin@123","cmtp2ip0y001kut1op5oltp9q"
"Payroll Specialist 1","payroll.user@peoplepay360.com","HR_PAYROLL_USER","Admin@123","cmtp2ip1e001nut1ok5ja2ylp"
"Payroll Specialist 2","payroll.user2@peoplepay360.com","HR_PAYROLL_USER","Admin@123","cmtp2ip1o001qut1odfll902d"
"Employee 1","emp1@peoplepay360.com","EMPLOYEE","Emp@123","cmtp2ip2r001tut1ohwmw1yn2"
"Employee 2","emp2@peoplepay360.com","EMPLOYEE","Emp@123","cmtp2ip30001wut1oprohvi2n"
"Employee 3","emp3@peoplepay360.com","EMPLOYEE","Emp@123","cmtp2ip3c001zut1ok78nq05h"
"Employee 4","emp4@peoplepay360.com","EMPLOYEE","Emp@123","cmtp2ip470022ut1ombtwgdut"
"Employee 5","emp5@peoplepay360.com","EMPLOYEE","Emp@123","cmtp2ip4k0025ut1oysjoq8pz"
"Employee 6","emp6@peoplepay360.com","EMPLOYEE","Emp@123","cmtp2ip4u0028ut1o7gdc8fpd"
"Employee 7","emp7@peoplepay360.com","EMPLOYEE","Emp@123","cmtp2ip59002but1osctbzxep"
"Employee 8","emp8@peoplepay360.com","EMPLOYEE","Emp@123","cmtp2ip5j002eut1o0v9lboxo"
"Employee 9","emp9@peoplepay360.com","EMPLOYEE","Emp@123","cmtp2ip5t002hut1o5i479agd"
"Employee 10","emp10@peoplepay360.com","EMPLOYEE","Emp@123","cmtp2ip66002kut1ovtlj9s1a"
"Employee 11","emp11@peoplepay360.com","EMPLOYEE","Emp@123","cmtp2ip6h002nut1odiw1trw0"
"Employee 12","emp12@peoplepay360.com","EMPLOYEE","Emp@123","cmtp2ip6r002qut1o4v4pjlcb"
"Employee 13","emp13@peoplepay360.com","EMPLOYEE","Emp@123","cmtp2ip7g002tut1oidoq98wz"
"Employee 14","emp14@peoplepay360.com","EMPLOYEE","Emp@123","cmtp2ip8g002wut1ortw3rbfy"
"Employee 15","emp15@peoplepay360.com","EMPLOYEE","Emp@123","cmtp2ip9c002zut1onueya4oz"
"Employee 16","emp16@peoplepay360.com","EMPLOYEE","Emp@123","cmtp2ip9p0032ut1oibinc0pu"
"Employee 17","emp17@peoplepay360.com","EMPLOYEE","Emp@123","cmtp2ipa00035ut1ox75cwevk"
"Employee 18","emp18@peoplepay360.com","EMPLOYEE","Emp@123","cmtp2ipag0038ut1ot4bbmhhm"
"Employee 19","emp19@peoplepay360.com","EMPLOYEE","Emp@123","cmtp2ipb7003but1oxikoz0cp"
"Employee 20","emp20@peoplepay360.com","EMPLOYEE","Emp@123","cmtp2ipbo003eut1oc7zu5v25"
"Employee 21","emp21@peoplepay360.com","EMPLOYEE","Emp@123","cmtp2ipc3003hut1oxgp33z2k"
"Employee 22","emp22@peoplepay360.com","EMPLOYEE","Emp@123","cmtp2ipd7003kut1ou11q5fvr"
"Employee 23","emp23@peoplepay360.com","EMPLOYEE","Emp@123","cmtp2ipdy003nut1o3trs985j"
"Employee 24","emp24@peoplepay360.com","EMPLOYEE","Emp@123","cmtp2ipe4003qut1o4o2bnr9g"
"Employee 25","emp25@peoplepay360.com","EMPLOYEE","Emp@123","cmtp2ipeg003tut1o32bbot13"
"Employee 26","emp26@peoplepay360.com","EMPLOYEE","Emp@123","cmtp2ipes003wut1o7tl7jwt5"
"Employee 27","emp27@peoplepay360.com","EMPLOYEE","Emp@123","cmtp2ipey003zut1orvv9q0m1"
"Employee 28","emp28@peoplepay360.com","EMPLOYEE","Emp@123","cmtp2ipf90042ut1ogp8576um"
"Employee 29","emp29@peoplepay360.com","EMPLOYEE","Emp@123","cmtp2ipfg0045ut1opaktmy7r"
"Employee 30","emp30@peoplepay360.com","EMPLOYEE","Emp@123","cmtp2ipfq0048ut1o355tet3j"
"Employee 31","emp31@peoplepay360.com","EMPLOYEE","Emp@123","cmtp2ipfz004but1owlvfva1z"
"Employee 32","emp32@peoplepay360.com","EMPLOYEE","Emp@123","cmtp2ipga004eut1onazcvrpe"
"Employee 33","emp33@peoplepay360.com","EMPLOYEE","Emp@123","cmtp2ipgh004hut1ogty0sf0f"
"Employee 34","emp34@peoplepay360.com","EMPLOYEE","Emp@123","cmtp2ipgs004kut1oundpwsgq"
"Employee 35","emp35@peoplepay360.com","EMPLOYEE","Emp@123","cmtp2iph2004nut1o39fwfksm"
"Employee 36","emp36@peoplepay360.com","EMPLOYEE","Emp@123","cmtp2ipha004qut1ozpo0kgt6"
"Employee 37","emp37@peoplepay360.com","EMPLOYEE","Emp@123","cmtp2iphl004tut1ovaaybk48"
"Employee 38","emp38@peoplepay360.com","EMPLOYEE","Emp@123","cmtp2iphs004wut1obxscb7bs"
"Employee 39","emp39@peoplepay360.com","EMPLOYEE","Emp@123","cmtp2ipi2004zut1oktz9ypn6"
"Employee 40","emp40@peoplepay360.com","EMPLOYEE","Emp@123","cmtp2ipi80052ut1ojfaqf9qk"
"Employee 41","emp41@peoplepay360.com","EMPLOYEE","Emp@123","cmtp2ipii0055ut1ovf59ghnu"
"Employee 42","emp42@peoplepay360.com","EMPLOYEE","Emp@123","cmtp2ipiq0058ut1ojd0oiajo"
"Employee 43","emp43@peoplepay360.com","EMPLOYEE","Emp@123","cmtp2ipj3005but1oj0txve65"
"Employee 44","emp44@peoplepay360.com","EMPLOYEE","Emp@123","cmtp2ipj9005eut1oo9vj827c"
"Employee 45","emp45@peoplepay360.com","EMPLOYEE","Emp@123","cmtp2ipjk005hut1odcil7g91"
"Employee 46","emp46@peoplepay360.com","EMPLOYEE","Emp@123","cmtp2ipjq005kut1obhgzoeyz"
"Employee 47","emp47@peoplepay360.com","EMPLOYEE","Emp@123","cmtp2ipk0005nut1o82u2xub2"
"Employee 48","emp48@peoplepay360.com","EMPLOYEE","Emp@123","cmtp2ipk6005qut1ovjt3gbuq"
"Employee 49","emp49@peoplepay360.com","EMPLOYEE","Emp@123","cmtp2ipkg005tut1oo8z5nlc1"
"Employee 50","emp50@peoplepay360.com","EMPLOYEE","Emp@123","cmtp2ipkn005wut1o0hqo16vf"
"Employee 51","emp51@peoplepay360.com","EMPLOYEE","Emp@123","cmtp2ipkw005zut1oks0mnmfn"
"Employee 52","emp52@peoplepay360.com","EMPLOYEE","Emp@123","cmtp2ipl20062ut1o1uq2o937"
"Employee 53","emp53@peoplepay360.com","EMPLOYEE","Emp@123","cmtp2ipld0065ut1odien93mv"
"Employee 54","emp54@peoplepay360.com","EMPLOYEE","Emp@123","cmtp2ipli0068ut1oj9qwihkx"
"Employee 55","emp55@peoplepay360.com","EMPLOYEE","Emp@123","cmtp2iplr006but1obrfqyz79"
"Employee 56","emp56@peoplepay360.com","EMPLOYEE","Emp@123","cmtp2iply006eut1o3k8h4g03"
"Employee 57","emp57@peoplepay360.com","EMPLOYEE","Emp@123","cmtp2ipm8006hut1o1bl1ci8f"
"Employee 58","emp58@peoplepay360.com","EMPLOYEE","Emp@123","cmtp2ipmf006kut1ofwk0rzib"
"Employee 59","emp59@peoplepay360.com","EMPLOYEE","Emp@123","cmtp2ipmq006nut1oo5xfso6z"
"Employee 60","emp60@peoplepay360.com","EMPLOYEE","Emp@123","cmtp2ipmx006qut1ohfhox52c"
"Employee 61","emp61@peoplepay360.com","EMPLOYEE","Emp@123","cmtp2ipn8006tut1ovbuva5yx"
"Employee 62","emp62@peoplepay360.com","EMPLOYEE","Emp@123","cmtp2ipne006wut1om02kskmr"
"Employee 63","emp63@peoplepay360.com","EMPLOYEE","Emp@123","cmtp2ipnq006zut1o6ppabryd"
"Employee 64","emp64@peoplepay360.com","EMPLOYEE","Emp@123","cmtp2ipo10072ut1olk1w6c4k"
"Employee 65","emp65@peoplepay360.com","EMPLOYEE","Emp@123","cmtp2ipod0075ut1okjbpem7k"
"Employee 66","emp66@peoplepay360.com","EMPLOYEE","Emp@123","cmtp2ipor0078ut1oqkpygfy5"
"Employee 67","emp67@peoplepay360.com","EMPLOYEE","Emp@123","cmtp2ipp2007but1ore5aj1d3"
"Employee 68","emp68@peoplepay360.com","EMPLOYEE","Emp@123","cmtp2ippa007eut1ozdjriqee"
"Employee 69","emp69@peoplepay360.com","EMPLOYEE","Emp@123","cmtp2ippk007hut1o18djtn75"
"Employee 70","emp70@peoplepay360.com","EMPLOYEE","Emp@123","cmtp2ippr007kut1oxyw4pv6z"
"Employee 71","emp71@peoplepay360.com","EMPLOYEE","Emp@123","cmtp2ipq2007nut1oing65uy3"
"Employee 72","emp72@peoplepay360.com","EMPLOYEE","Emp@123","cmtp2ipqe007qut1o0tuorgww"
"Employee 73","emp73@peoplepay360.com","EMPLOYEE","Emp@123","cmtp2ipql007tut1ovvvcnz02"
"Employee 74","emp74@peoplepay360.com","EMPLOYEE","Emp@123","cmtp2ipqz007wut1oxhb15yqw"
"Employee 75","emp75@peoplepay360.com","EMPLOYEE","Emp@123","cmtp2ipry007zut1oz599j4y2"
"Employee 76","emp76@peoplepay360.com","EMPLOYEE","Emp@123","cmtp2ips90082ut1ogh57i14d"
"Employee 77","emp77@peoplepay360.com","EMPLOYEE","Emp@123","cmtp2ipsg0085ut1ow5536ipx"
"Employee 78","emp78@peoplepay360.com","EMPLOYEE","Emp@123","cmtp2ipsq0088ut1o36xkgf4n"
"Employee 79","emp79@peoplepay360.com","EMPLOYEE","Emp@123","cmtp2ipsw008but1ovy65g9l7"
"Employee 80","emp80@peoplepay360.com","EMPLOYEE","Emp@123","cmtp2ipt6008eut1oebofj4jm"
"Employee 81","emp81@peoplepay360.com","EMPLOYEE","Emp@123","cmtp2iptd008hut1ozybm67bv"
"Employee 82","emp82@peoplepay360.com","EMPLOYEE","Emp@123","cmtp2ipto008kut1o0mm6qvdv"
"Employee 83","emp83@peoplepay360.com","EMPLOYEE","Emp@123","cmtp2iptv008nut1ojfikh4cr"
"Employee 84","emp84@peoplepay360.com","EMPLOYEE","Emp@123","cmtp2ipu4008qut1ov7ckbjw3"
"Employee 85","emp85@peoplepay360.com","EMPLOYEE","Emp@123","cmtp2ipua008tut1oqyywpjcp"
"Employee 86","emp86@peoplepay360.com","EMPLOYEE","Emp@123","cmtp2ipuk008wut1o10mr3z22"
"Employee 87","emp87@peoplepay360.com","EMPLOYEE","Emp@123","cmtp2ipuu008zut1opdlrcj47"
"Employee 88","emp88@peoplepay360.com","EMPLOYEE","Emp@123","cmtp2ipve0092ut1op8lgva48"
"Employee 89","emp89@peoplepay360.com","EMPLOYEE","Emp@123","cmtp2ipvm0095ut1oc7h2ez3l"
"Employee 90","emp90@peoplepay360.com","EMPLOYEE","Emp@123","cmtp2ipvz0098ut1o7jdzogmm"
"Employee 91","emp91@peoplepay360.com","EMPLOYEE","Emp@123","cmtp2ipwc009but1os5hn59gc"
"Employee 92","emp92@peoplepay360.com","EMPLOYEE","Emp@123","cmtp2ipwl009eut1o7tjyhz0l"
"Employee 93","emp93@peoplepay360.com","EMPLOYEE","Emp@123","cmtp2ipxi009hut1o779vc6m1"
"Employee 94","emp94@peoplepay360.com","EMPLOYEE","Emp@123","cmtp2ipy3009kut1o7hylbqu0"
"Employee 95","emp95@peoplepay360.com","EMPLOYEE","Emp@123","cmtp2ipyf009nut1o5jwezekl"
"Employee 96","emp96@peoplepay360.com","EMPLOYEE","Emp@123","cmtp2ipyr009qut1omej2x2nv"
"Employee 97","emp97@peoplepay360.com","EMPLOYEE","Emp@123","cmtp2ipyy009tut1otifz0wue"
"Employee 98","emp98@peoplepay360.com","EMPLOYEE","Emp@123","cmtp2ipz8009wut1oqzenpdl7"
"Employee 99","emp99@peoplepay360.com","EMPLOYEE","Emp@123","cmtp2ipzf009zut1okmsxeswc"
"Employee 100","emp100@peoplepay360.com","EMPLOYEE","Emp@123","cmtp2ipzo00a2ut1oxl5bsgp8"
"Employee 101","emp101@peoplepay360.com","EMPLOYEE","Emp@123","cmtp2ipzw00a5ut1o8s5v8dam"
"Employee 102","emp102@peoplepay360.com","EMPLOYEE","Emp@123","cmtp2iq0500a8ut1ouh90hzht"
"Employee 103","emp103@peoplepay360.com","EMPLOYEE","Emp@123","cmtp2iq0c00abut1ohbtrtrb6"
"Employee 104","emp104@peoplepay360.com","EMPLOYEE","Emp@123","cmtp2iq1000aeut1oj7kr8x80"
"Employee 105","emp105@peoplepay360.com","EMPLOYEE","Emp@123","cmtp2iq1800ahut1ozmyewnww"
"Employee 106","emp106@peoplepay360.com","EMPLOYEE","Emp@123","cmtp2iq1h00akut1owdo4dlk5"
"Employee 107","emp107@peoplepay360.com","EMPLOYEE","Emp@123","cmtp2iq1o00anut1oodp9irx5"
"Employee 108","emp108@peoplepay360.com","EMPLOYEE","Emp@123","cmtp2iq1z00aqut1odoglcp58"
"Employee 109","emp109@peoplepay360.com","EMPLOYEE","Emp@123","cmtp2iq2600atut1o7y8ji375"
"Employee 110","emp110@peoplepay360.com","EMPLOYEE","Emp@123","cmtp2iq2m00awut1orcvldpq1"
"Employee 111","emp111@peoplepay360.com","EMPLOYEE","Emp@123","cmtp2iq2x00azut1oyrvu19oq"
"Employee 112","emp112@peoplepay360.com","EMPLOYEE","Emp@123","cmtp2iq3400b2ut1o15ikcyn0"
"Employee 113","emp113@peoplepay360.com","EMPLOYEE","Emp@123","cmtp2iq3e00b5ut1onm15ythw"
"Employee 114","emp114@peoplepay360.com","EMPLOYEE","Emp@123","cmtp2iq3l00b8ut1oxuyd8ti7"
"Employee 115","emp115@peoplepay360.com","EMPLOYEE","Emp@123","cmtp2iq3v00bbut1o8jfxl4zy"
"Employee 116","emp116@peoplepay360.com","EMPLOYEE","Emp@123","cmtp2iq4100beut1oap55l768"
"Employee 117","emp117@peoplepay360.com","EMPLOYEE","Emp@123","cmtp2iq4b00bhut1ohdfejzhr"
"Employee 118","emp118@peoplepay360.com","EMPLOYEE","Emp@123","cmtp2iq4j00bkut1o2vuanvgl"
"Employee 119","emp119@peoplepay360.com","EMPLOYEE","Emp@123","cmtp2iq4t00bnut1ocy8dqv9a"
"Employee 120","emp120@peoplepay360.com","EMPLOYEE","Emp@123","cmtp2iq5000bqut1ocdpvmvth"
"Employee 121","emp121@peoplepay360.com","EMPLOYEE","Emp@123","cmtp2iq5b00btut1ozeluhw81"
"Employee 122","emp122@peoplepay360.com","EMPLOYEE","Emp@123","cmtp2iq5r00bwut1o7t6t1kaw"
"Employee 123","emp123@peoplepay360.com","EMPLOYEE","Emp@123","cmtp2iq5y00bzut1om6svnzvm"
"Employee 124","emp124@peoplepay360.com","EMPLOYEE","Emp@123","cmtp2iq6d00c2ut1onpn0koo2"
"Employee 125","emp125@peoplepay360.com","EMPLOYEE","Emp@123","cmtp2iq6r00c5ut1of6ikp8z8"
"Employee 126","emp126@peoplepay360.com","EMPLOYEE","Emp@123","cmtp2iq7700c8ut1o8z8n1yuv"
"Employee 127","emp127@peoplepay360.com","EMPLOYEE","Emp@123","cmtp2iq7f00cbut1os025hna0"
"Employee 128","emp128@peoplepay360.com","EMPLOYEE","Emp@123","cmtp2iq7p00ceut1oaaz3mjo0"
"Employee 129","emp129@peoplepay360.com","EMPLOYEE","Emp@123","cmtp2iq8000chut1ooiwvg1lm"
"Employee 130","emp130@peoplepay360.com","EMPLOYEE","Emp@123","cmtp2iq8700ckut1o0twytv1f"
"Employee 131","emp131@peoplepay360.com","EMPLOYEE","Emp@123","cmtp2iq8f00cnut1o8np4q70o"
"Employee 132","emp132@peoplepay360.com","EMPLOYEE","Emp@123","cmtp2iq8n00cqut1o3vl6p8sf"
"Employee 133","emp133@peoplepay360.com","EMPLOYEE","Emp@123","cmtp2iq8x00ctut1osvmwy4v7"
"Employee 134","emp134@peoplepay360.com","EMPLOYEE","Emp@123","cmtp2iq9400cwut1oxuqcipd1"
"Employee 135","emp135@peoplepay360.com","EMPLOYEE","Emp@123","cmtp2iq9d00czut1o5lnld0na"
"Employee 136","emp136@peoplepay360.com","EMPLOYEE","Emp@123","cmtp2iq9l00d2ut1o7b8uicw1"
"Employee 137","emp137@peoplepay360.com","EMPLOYEE","Emp@123","cmtp2iq9u00d5ut1oaxsoez9e"
"Employee 138","emp138@peoplepay360.com","EMPLOYEE","Emp@123","cmtp2iqa000d8ut1o7pry9jmi"
"Employee 139","emp139@peoplepay360.com","EMPLOYEE","Emp@123","cmtp2iqa900dbut1oyt3wcoqx"
"Employee 140","emp140@peoplepay360.com","EMPLOYEE","Emp@123","cmtp2iqaf00deut1o31htt7xi"
"Employee 141","emp141@peoplepay360.com","EMPLOYEE","Emp@123","cmtp2iqaq00dhut1okab19qru"
"Employee 142","emp142@peoplepay360.com","EMPLOYEE","Emp@123","cmtp2iqax00dkut1olkle58vm"
"Employee 143","emp143@peoplepay360.com","EMPLOYEE","Emp@123","cmtp2iqb600dnut1ofl53m23h"
"Employee 144","emp144@peoplepay360.com","EMPLOYEE","Emp@123","cmtp2iqbf00dqut1oqj5z399s"
"Employee 145","emp145@peoplepay360.com","EMPLOYEE","Emp@123","cmtp2iqbr00dtut1ogorcb4mk"
"Employee 146","emp146@peoplepay360.com","EMPLOYEE","Emp@123","cmtp2iqby00dwut1ozovi0uhw"
"Employee 147","emp147@peoplepay360.com","EMPLOYEE","Emp@123","cmtp2iqcd00dzut1o2mpujpf9"
"Employee 148","emp148@peoplepay360.com","EMPLOYEE","Emp@123","cmtp2iqd200e2ut1oaj9iycqo"
"Employee 149","emp149@peoplepay360.com","EMPLOYEE","Emp@123","cmtp2iqdc00e5ut1onz4bg2cv"
"Employee 150","emp150@peoplepay360.com","EMPLOYEE","Emp@123","cmtp2iqdp00e8ut1o94q3obuw"
"Employee 151","emp151@peoplepay360.com","EMPLOYEE","Emp@123","cmtp2iqe100ebut1ogfmh2dsg"
"Employee 152","emp152@peoplepay360.com","EMPLOYEE","Emp@123","cmtp2iqea00eeut1oko2v0uul"
"Employee 153","emp153@peoplepay360.com","EMPLOYEE","Emp@123","cmtp2iqel00ehut1o4luo9smd"
"Employee 154","emp154@peoplepay360.com","EMPLOYEE","Emp@123","cmtp2iqex00ekut1o2wbqwynf"
"Employee 155","emp155@peoplepay360.com","EMPLOYEE","Emp@123","cmtp2iqf400enut1o4b2ik99f"
"Employee 156","emp156@peoplepay360.com","EMPLOYEE","Emp@123","cmtp2iqfe00equt1oblc8sdkj"
"Employee 157","emp157@peoplepay360.com","EMPLOYEE","Emp@123","cmtp2iqfm00etut1oick71rqa"
"Employee 158","emp158@peoplepay360.com","EMPLOYEE","Emp@123","cmtp2iqfw00ewut1oqmj5gf3w"
"Employee 159","emp159@peoplepay360.com","EMPLOYEE","Emp@123","cmtp2iqg200ezut1o7el7pa6z"
"Employee 160","emp160@peoplepay360.com","EMPLOYEE","Emp@123","cmtp2iqga00f2ut1oo1tb0g7g"
"Employee 161","emp161@peoplepay360.com","EMPLOYEE","Emp@123","cmtp2iqgh00f5ut1oz2h7sgoq"
"Employee 162","emp162@peoplepay360.com","EMPLOYEE","Emp@123","cmtp2iqgs00f8ut1owq02g3pv"
"Employee 163","emp163@peoplepay360.com","EMPLOYEE","Emp@123","cmtp2iqgy00fbut1o47ry4hwq"
"Employee 164","emp164@peoplepay360.com","EMPLOYEE","Emp@123","cmtp2iqh800feut1ov6y66eov"
"Employee 165","emp165@peoplepay360.com","EMPLOYEE","Emp@123","cmtp2iqhe00fhut1oxvyi4pby"
"Employee 166","emp166@peoplepay360.com","EMPLOYEE","Emp@123","cmtp2iqhn00fkut1o6vqvmirv"
"Employee 167","emp167@peoplepay360.com","EMPLOYEE","Emp@123","cmtp2iqht00fnut1ogsmlmstg"
"Employee 168","emp168@peoplepay360.com","EMPLOYEE","Emp@123","cmtp2iqic00fqut1ogly6cscm"
"Employee 169","emp169@peoplepay360.com","EMPLOYEE","Emp@123","cmtp2iqit00ftut1o84q0k3ur"
"Employee 170","emp170@peoplepay360.com","EMPLOYEE","Emp@123","cmtp2iqj800fwut1og4w4hcp2"
"Employee 171","emp171@peoplepay360.com","EMPLOYEE","Emp@123","cmtp2iqjj00fzut1ohtjzjpn7"
"Employee 172","emp172@peoplepay360.com","EMPLOYEE","Emp@123","cmtp2iqjr00g2ut1oz5o3ymx7"
"Employee 173","emp173@peoplepay360.com","EMPLOYEE","Emp@123","cmtp2iqk200g5ut1o8z1u96zj"
"Employee 174","emp174@peoplepay360.com","EMPLOYEE","Emp@123","cmtp2iqk800g8ut1onh7eg41e"
"Employee 175","emp175@peoplepay360.com","EMPLOYEE","Emp@123","cmtp2iqkk00gbut1ocyc57tov"
"Employee 176","emp176@peoplepay360.com","EMPLOYEE","Emp@123","cmtp2iqkx00geut1oxb7uraxb"
"Employee 177","emp177@peoplepay360.com","EMPLOYEE","Emp@123","cmtp2iql500ghut1o78lc1voy"
"Employee 178","emp178@peoplepay360.com","EMPLOYEE","Emp@123","cmtp2iqle00gkut1ou2jzubdj"
"Employee 179","emp179@peoplepay360.com","EMPLOYEE","Emp@123","cmtp2iqlk00gnut1o5m2jef9e"
"Employee 180","emp180@peoplepay360.com","EMPLOYEE","Emp@123","cmtp2iqlv00gqut1o07p7wvdd"
"Employee 181","emp181@peoplepay360.com","EMPLOYEE","Emp@123","cmtp2iqm000gtut1ofkwwzjnv"
"Employee 182","emp182@peoplepay360.com","EMPLOYEE","Emp@123","cmtp2iqm500gwut1o7fxz1mim"
"Employee 183","emp183@peoplepay360.com","EMPLOYEE","Emp@123","cmtp2iqmf00gzut1ok59ah9cw"
"Employee 184","emp184@peoplepay360.com","EMPLOYEE","Emp@123","cmtp2iqmk00h2ut1ofmpwj26b"
"Employee 185","emp185@peoplepay360.com","EMPLOYEE","Emp@123","cmtp2iqmu00h5ut1oljq8uq57"
"Employee 186","emp186@peoplepay360.com","EMPLOYEE","Emp@123","cmtp2iqn000h8ut1oh72rp3c1"
"Employee 187","emp187@peoplepay360.com","EMPLOYEE","Emp@123","cmtp2iqnd00hbut1obrakiozm"
"Employee 188","emp188@peoplepay360.com","EMPLOYEE","Emp@123","cmtp2iqnj00heut1of1p62f81"
"Employee 189","emp189@peoplepay360.com","EMPLOYEE","Emp@123","cmtp2iqnz00hhut1oce1dyrfs"
"Employee 190","emp190@peoplepay360.com","EMPLOYEE","Emp@123","cmtp2iqob00hkut1okmw12fac"
"Employee 191","emp191@peoplepay360.com","EMPLOYEE","Emp@123","cmtp2iqom00hnut1ofx0xcoht"
"Employee 192","emp192@peoplepay360.com","EMPLOYEE","Emp@123","cmtp2iqos00hqut1ov0wzqdov"
"Employee 193","emp193@peoplepay360.com","EMPLOYEE","Emp@123","cmtp2iqp200htut1on3nw4yqn"
"Employee 194","emp194@peoplepay360.com","EMPLOYEE","Emp@123","cmtp2iqp900hwut1op6b0owvw"
"Employee 195","emp195@peoplepay360.com","EMPLOYEE","Emp@123","cmtp2iqpi00hzut1o8szk691k"
"Employee 196","emp196@peoplepay360.com","EMPLOYEE","Emp@123","cmtp2iqpp00i2ut1ov6z3gaq5"
"Employee 197","emp197@peoplepay360.com","EMPLOYEE","Emp@123","cmtp2iqpy00i5ut1oe1v0sq26"
"Employee 198","emp198@peoplepay360.com","EMPLOYEE","Emp@123","cmtp2iqq500i8ut1oqf8gbdz8"
"Employee 199","emp199@peoplepay360.com","EMPLOYEE","Emp@123","cmtp2iqqc00ibut1ox5yxt9il"
"Employee 200","emp200@peoplepay360.com","EMPLOYEE","Emp@123","cmtp2iqqn00ieut1osnclg1dt"
"Employee 201","emp201@peoplepay360.com","EMPLOYEE","Emp@123","cmtp2iqqx00ihut1oxotogarc"
"Employee 202","emp202@peoplepay360.com","EMPLOYEE","Emp@123","cmtp2iqr400ikut1onqlajclf"
"Employee 203","emp203@peoplepay360.com","EMPLOYEE","Emp@123","cmtp2iqrg00inut1ovlw30dez"
"Employee 204","emp204@peoplepay360.com","EMPLOYEE","Emp@123","cmtp2iqrn00iqut1onp9e78zz"
"Employee 205","emp205@peoplepay360.com","EMPLOYEE","Emp@123","cmtp2iqrx00itut1o2zwj8cua"
"Employee 206","emp206@peoplepay360.com","EMPLOYEE","Emp@123","cmtp2iqs200iwut1oh2cd6nwa"
"Employee 207","emp207@peoplepay360.com","EMPLOYEE","Emp@123","cmtp2iqsc00izut1o4teqyfi2"
"Employee 208","emp208@peoplepay360.com","EMPLOYEE","Emp@123","cmtp2iqsk00j2ut1ouzawz6k9"
"Employee 209","emp209@peoplepay360.com","EMPLOYEE","Emp@123","cmtp2iqsy00j5ut1ozh0h7da4"
"Employee 210","emp210@peoplepay360.com","EMPLOYEE","Emp@123","cmtp2iqtc00j8ut1oi67l7el6"
"Employee 211","emp211@peoplepay360.com","EMPLOYEE","Emp@123","cmtp2iqtj00jbut1ox8pd1jgl"
"Employee 212","emp212@peoplepay360.com","EMPLOYEE","Emp@123","cmtp2iqtv00jeut1o5j2uincy"
"Employee 213","emp213@peoplepay360.com","EMPLOYEE","Emp@123","cmtp2iqtz00jhut1oggthy68g"
"Employee 214","emp214@peoplepay360.com","EMPLOYEE","Emp@123","cmtp2iqub00jkut1orr5cxvpe"
"Employee 215","emp215@peoplepay360.com","EMPLOYEE","Emp@123","cmtp2iqul00jnut1owj25vuv0"
"Employee 216","emp216@peoplepay360.com","EMPLOYEE","Emp@123","cmtp2iqus00jqut1of5vy4nk4"
"Employee 217","emp217@peoplepay360.com","EMPLOYEE","Emp@123","cmtp2iquy00jtut1oqupw887w"
"Employee 218","emp218@peoplepay360.com","EMPLOYEE","Emp@123","cmtp2iqva00jwut1ou3eaa6pq"
"Employee 219","emp219@peoplepay360.com","EMPLOYEE","Emp@123","cmtp2iqvm00jzut1o1tw0plhg"
"Employee 220","emp220@peoplepay360.com","EMPLOYEE","Emp@123","cmtp2iqvu00k2ut1oe7x5287j"
"Employee 221","emp221@peoplepay360.com","EMPLOYEE","Emp@123","cmtp2iqw400k5ut1owojdjno8"
"Employee 222","emp222@peoplepay360.com","EMPLOYEE","Emp@123","cmtp2iqwb00k8ut1of2j7b9m9"
"Employee 223","emp223@peoplepay360.com","EMPLOYEE","Emp@123","cmtp2iqwm00kbut1oioohwdbf"
"Employee 224","emp224@peoplepay360.com","EMPLOYEE","Emp@123","cmtp2iqwt00keut1oof7pqsru"
"Employee 225","emp225@peoplepay360.com","EMPLOYEE","Emp@123","cmtp2iqx300khut1otzg8c7iu"
"Employee 226","emp226@peoplepay360.com","EMPLOYEE","Emp@123","cmtp2iqxf00kkut1o62jjsvop"
"Employee 227","emp227@peoplepay360.com","EMPLOYEE","Emp@123","cmtp2iqxn00knut1o9fix2fk8"
"Employee 228","emp228@peoplepay360.com","EMPLOYEE","Emp@123","cmtp2iqxy00kqut1olicsjkts"
"Employee 229","emp229@peoplepay360.com","EMPLOYEE","Emp@123","cmtp2iqy600ktut1ot9mt3x6b"
"Employee 230","emp230@peoplepay360.com","EMPLOYEE","Emp@123","cmtp2iqyj00kwut1oet4fv3zz"
"Employee 231","emp231@peoplepay360.com","EMPLOYEE","Emp@123","cmtp2iqyu00kzut1oalmjeq1b"
"Employee 232","emp232@peoplepay360.com","EMPLOYEE","Emp@123","cmtp2iqz200l2ut1oj6tloqbt"
"Employee 233","emp233@peoplepay360.com","EMPLOYEE","Emp@123","cmtp2iqzf00l5ut1oxjtujtt4"
"Employee 234","emp234@peoplepay360.com","EMPLOYEE","Emp@123","cmtp2iqzq00l8ut1on1r2a646"
"Employee 235","emp235@peoplepay360.com","EMPLOYEE","Emp@123","cmtp2iqzy00lbut1o4l7oc13c"
"Employee 236","emp236@peoplepay360.com","EMPLOYEE","Emp@123","cmtp2ir0900leut1oj1cknm2c"
"Employee 237","emp237@peoplepay360.com","EMPLOYEE","Emp@123","cmtp2ir0h00lhut1oyvlokjix"
"Employee 238","emp238@peoplepay360.com","EMPLOYEE","Emp@123","cmtp2ir0r00lkut1ol4hbltra"
"Employee 239","emp239@peoplepay360.com","EMPLOYEE","Emp@123","cmtp2ir1200lnut1o1yeva6kj"
"Employee 240","emp240@peoplepay360.com","EMPLOYEE","Emp@123","cmtp2ir1b00lqut1o333hxv4x"
"Employee 241","emp241@peoplepay360.com","EMPLOYEE","Emp@123","cmtp2ir1p00ltut1oe5dq84t5"
"Employee 242","emp242@peoplepay360.com","EMPLOYEE","Emp@123","cmtp2ir1w00lwut1ouhtc05d8"
"Employee 243","emp243@peoplepay360.com","EMPLOYEE","Emp@123","cmtp2ir2700lzut1ouw67621e"
"Employee 244","emp244@peoplepay360.com","EMPLOYEE","Emp@123","cmtp2ir2h00m2ut1oav26ifxr"
"Employee 245","emp245@peoplepay360.com","EMPLOYEE","Emp@123","cmtp2ir2r00m5ut1ofq1ae7a1"
"Employee 246","emp246@peoplepay360.com","EMPLOYEE","Emp@123","cmtp2ir3400m8ut1o9xupe72q"
"Employee 247","emp247@peoplepay360.com","EMPLOYEE","Emp@123","cmtp2ir3q00mbut1oqmbewb1o"
"Employee 248","emp248@peoplepay360.com","EMPLOYEE","Emp@123","cmtp2ir4100meut1o2i88rdme"
"Employee 249","emp249@peoplepay360.com","EMPLOYEE","Emp@123","cmtp2ir4b00mhut1okl0omk0i"
"Employee 250","emp250@peoplepay360.com","EMPLOYEE","Emp@123","cmtp2ir4j00mkut1owheb4lce"
"Employee 251","emp251@peoplepay360.com","EMPLOYEE","Emp@123","cmtp2ir4u00mnut1oo8w2yzw4"
"Employee 252","emp252@peoplepay360.com","EMPLOYEE","Emp@123","cmtp2ir5200mqut1ozaqqsfvm"
"Employee 253","emp253@peoplepay360.com","EMPLOYEE","Emp@123","cmtp2ir5d00mtut1o10p3oc50"
"Employee 254","emp254@peoplepay360.com","EMPLOYEE","Emp@123","cmtp2ir5k00mwut1o6zfjiukh"
"Employee 255","emp255@peoplepay360.com","EMPLOYEE","Emp@123","cmtp2ir5u00mzut1oppkm31u3"
"Employee 256","emp256@peoplepay360.com","EMPLOYEE","Emp@123","cmtp2ir6100n2ut1oap3k9p5v"
"Employee 257","emp257@peoplepay360.com","EMPLOYEE","Emp@123","cmtp2ir6e00n5ut1onzjihp2z"
"Employee 258","emp258@peoplepay360.com","EMPLOYEE","Emp@123","cmtp2ir6p00n8ut1ozsy2g90a"
"Employee 259","emp259@peoplepay360.com","EMPLOYEE","Emp@123","cmtp2ir6x00nbut1o3h66aoqg"
"Employee 260","emp260@peoplepay360.com","EMPLOYEE","Emp@123","cmtp2ir7700neut1omvj5h8lg"
"Employee 261","emp261@peoplepay360.com","EMPLOYEE","Emp@123","cmtp2ir7f00nhut1o1tie3tcq"
"Employee 262","emp262@peoplepay360.com","EMPLOYEE","Emp@123","cmtp2ir7q00nkut1obk7oiynr"
"Employee 263","emp263@peoplepay360.com","EMPLOYEE","Emp@123","cmtp2ir8b00nnut1om3i1mu8a"
"Employee 264","emp264@peoplepay360.com","EMPLOYEE","Emp@123","cmtp2ir8n00nqut1olsv6fve5"
"Employee 265","emp265@peoplepay360.com","EMPLOYEE","Emp@123","cmtp2ir8z00ntut1oq8ouu2a8"
"Employee 266","emp266@peoplepay360.com","EMPLOYEE","Emp@123","cmtp2ir9600nwut1ow7tb9oa3"
"Employee 267","emp267@peoplepay360.com","EMPLOYEE","Emp@123","cmtp2ir9h00nzut1ohjhvxgfa"
"Employee 268","emp268@peoplepay360.com","EMPLOYEE","Emp@123","cmtp2ir9p00o2ut1oy1psx2mh"
"Employee 269","emp269@peoplepay360.com","EMPLOYEE","Emp@123","cmtp2ira300o5ut1o31bbcp5t"
"Employee 270","emp270@peoplepay360.com","EMPLOYEE","Emp@123","cmtp2irad00o8ut1ozey4h97f"
"Employee 271","emp271@peoplepay360.com","EMPLOYEE","Emp@123","cmtp2irak00obut1oltiq1aex"
"Employee 272","emp272@peoplepay360.com","EMPLOYEE","Emp@123","cmtp2irau00oeut1or05yl0uy"
"Employee 273","emp273@peoplepay360.com","EMPLOYEE","Emp@123","cmtp2irb000ohut1oorijapx2"
"Employee 274","emp274@peoplepay360.com","EMPLOYEE","Emp@123","cmtp2irbc00okut1o3nu123n1"
"Employee 275","emp275@peoplepay360.com","EMPLOYEE","Emp@123","cmtp2irbl00onut1oozzfjcft"
"Employee 276","emp276@peoplepay360.com","EMPLOYEE","Emp@123","cmtp2irbv00oqut1o2m064165"
"Employee 277","emp277@peoplepay360.com","EMPLOYEE","Emp@123","cmtp2irc200otut1ojvc302ss"
"Employee 278","emp278@peoplepay360.com","EMPLOYEE","Emp@123","cmtp2ircd00owut1ohiyhsni3"
"Employee 279","emp279@peoplepay360.com","EMPLOYEE","Emp@123","cmtp2irco00ozut1ouw61ib7f"
"Employee 280","emp280@peoplepay360.com","EMPLOYEE","Emp@123","cmtp2ircu00p2ut1ohrqg3cow"
"Employee 281","emp281@peoplepay360.com","EMPLOYEE","Emp@123","cmtp2ird300p5ut1o149t29ar"
"Employee 282","emp282@peoplepay360.com","EMPLOYEE","Emp@123","cmtp2irdd00p8ut1ohyh4lx1c"
"Employee 283","emp283@peoplepay360.com","EMPLOYEE","Emp@123","cmtp2irdn00pbut1om6sfj5o4"
"Employee 284","emp284@peoplepay360.com","EMPLOYEE","Emp@123","cmtp2irdv00peut1onv9qkspa"
"Employee 285","emp285@peoplepay360.com","EMPLOYEE","Emp@123","cmtp2ire600phut1o1pxdl5a4"
"Employee 286","emp286@peoplepay360.com","EMPLOYEE","Emp@123","cmtp2iree00pkut1odvjmfmoa"
"Employee 287","emp287@peoplepay360.com","EMPLOYEE","Emp@123","cmtp2irer00pnut1oyc4q76qd"
"Employee 288","emp288@peoplepay360.com","EMPLOYEE","Emp@123","cmtp2irf300pqut1oflf1oxc8"
"Employee 289","emp289@peoplepay360.com","EMPLOYEE","Emp@123","cmtp2irfa00ptut1oeufisjqn"
"Employee 290","emp290@peoplepay360.com","EMPLOYEE","Emp@123","cmtp2irfl00pwut1oybbynnti"
"Employee 291","emp291@peoplepay360.com","EMPLOYEE","Emp@123","cmtp2irg100pzut1ora0onwbd"
"Employee 292","emp292@peoplepay360.com","EMPLOYEE","Emp@123","cmtp2irgb00q2ut1o3aeq54t9"
"Employee 293","emp293@peoplepay360.com","EMPLOYEE","Emp@123","cmtp2irgn00q5ut1on5ha8gov"
"Employee 294","emp294@peoplepay360.com","EMPLOYEE","Emp@123","cmtp2irgy00q8ut1ov11vqrhb"
"Employee 295","emp295@peoplepay360.com","EMPLOYEE","Emp@123","cmtp2irh600qbut1og2fnfarx"
"Employee 296","emp296@peoplepay360.com","EMPLOYEE","Emp@123","cmtp2irhg00qeut1o1kz8ky9r"
"Employee 297","emp297@peoplepay360.com","EMPLOYEE","Emp@123","cmtp2irhn00qhut1omd5sc15b"
"Employee 298","emp298@peoplepay360.com","EMPLOYEE","Emp@123","cmtp2iri100qkut1omszz52k2"
"Employee 299","emp299@peoplepay360.com","EMPLOYEE","Emp@123","cmtp2iric00qnut1ow9pfjho7"
"Employee 300","emp300@peoplepay360.com","EMPLOYEE","Emp@123","cmtp2irik00qqut1o9wxa9b3u"